{
    "$id": "https://zeroeditor.io/field-group.schema.json",
    "$schema": "https://json-schema.org/draft/2020-12/schema",
    "description": "A representation of a group of structured data fields.",
    "type": "object",
    "required": ["post_id", "post_type"],
    "properties": {
      "post_id": {
        "type": "number",
        "description": "Unique identifier for the current post being saved."
      },
      "post_type": {
        "type": "string",
        "description": "Post type key for the type of post being saved or created."
      },
      "values": {
        "type": "object",
        "description": "Values for the fields being saved, indexed by unique field name."
      }
    }
  }
  